Time_(ns),RMSD_(nm)
1,1.2679
2,1.1239
3,0.9305
4,0.6779
5,0.5561
6,0.3146
7,0.1890
8,0.1378
9,0.1296
10,0.1213
11,0.1121
12,0.1274
13,0.1218
14,0.0849
15,0.1537
16,0.1156
17,0.1155
18,0.1480
19,0.1767
20,0.2487
21,0.1582
22,0.1431
23,0.1530
24,0.1061
25,0.1252
26,0.1532
27,0.2137
28,0.2703
29,0.3111
30,0.3174
31,0.2340
32,0.1896
33,0.1555
34,0.1724
35,0.1720
36,0.1329
37,0.1198
38,0.1599
39,0.1337
40,0.0876
41,0.1190
42,0.0902
43,0.1631
44,0.0941
45,0.0653
46,0.1108
47,0.2142
48,0.0801
49,0.1025
50,0.1287
51,0.0861
52,0.0761
53,0.0812
54,0.1626
55,0.0676
56,0.0774
57,0.1719
58,0.0979
59,0.1100
60,0.0983
61,0.0969
62,0.0899
63,0.2604
64,0.1447
65,0.1086
66,0.1178
67,0.1389
68,0.1207
69,0.0966
70,0.0886
71,0.1218
72,0.0791
73,0.0686
74,0.1002
75,0.1495
76,0.1119
77,0.0698
78,0.0774
79,0.0784
80,0.0644
81,0.0608
82,0.0778
83,0.0949
84,0.0634
85,0.0551
86,0.0656
87,0.0573
88,0.0711
89,0.1670
90,0.0605
91,0.0744
92,0.1035
93,0.1603
94,0.0869
95,0.1033
96,0.0795
97,0.1589
98,0.1184
99,0.0751
100,0.1023
101,0.0747
102,0.0768
103,0.0977
104,0.1111
105,0.0903
106,0.1241
107,0.1050
108,0.1374
109,0.1493
110,0.1812
111,0.2656
112,0.1059
113,0.1732
114,0.1811
115,0.1095
116,0.1288
117,0.1302
118,0.1162
119,0.0977
120,0.0894
121,0.0735
122,0.0865
123,0.0701
124,0.0801
125,0.0818
126,0.0976
127,0.0835
128,0.0670
129,0.0842
130,0.0903
131,0.1001
132,0.0861
133,0.1347
134,0.1185
135,0.1318
136,0.0806
137,0.0675
138,0.1218
139,0.0960
140,0.0814
141,0.0643
142,0.0698
143,0.0624
144,0.0780
145,0.0898
146,0.0677
147,0.0858
148,0.0992
149,0.0730
150,0.0718
151,0.1358
152,0.0820
153,0.0878
154,0.0812
155,0.1489
156,0.1857
157,0.0957
158,0.0959
159,0.2402
160,0.0925
161,0.1394
162,0.1301
163,0.1817
164,0.0741
165,0.1474
166,0.1533
167,0.0886
168,0.0850
169,0.1001
170,0.0965
171,0.0760
172,0.0907
173,0.2416
174,0.0992
175,0.0762
176,0.1012
177,0.1095
178,0.0851
179,0.0836
180,0.0988
181,0.1317
182,0.1801
183,0.1262
184,0.2199
185,0.1399
186,0.1669
187,0.1445
188,0.1188
189,0.1057
190,0.1150
191,0.1628
192,0.0717
193,0.0819
194,0.2372
195,0.1271
196,0.0747
197,0.0762
198,0.1439
199,0.0790
200,0.0710
201,0.0636
202,0.1199
203,0.0930
204,0.0687
205,0.1025
206,0.0877
207,0.0730
208,0.1536
209,0.1083
210,0.0922
211,0.0891
212,0.1151
213,0.0874
214,0.0761
215,0.1143
216,0.1510
217,0.1196
218,0.1093
219,0.1960
220,0.2926
221,0.1720
222,0.2847
223,0.1611
224,0.2621
225,0.2606
226,0.2103
227,0.2387
228,0.1217
229,0.1647
230,0.2323
231,0.2780
232,0.1735
233,0.1661
234,0.2390
235,0.2175
236,0.1931
237,0.1721
238,0.1794
239,0.1663
240,0.2139
241,0.1758
242,0.1886
243,0.1429
244,0.1909
245,0.1811
246,0.1484
247,0.1712
248,0.1302
249,0.1826
250,0.0900
251,0.1015
252,0.0950
253,0.1577
254,0.1796
255,0.3050
256,0.3684
